{"cameraMode":{"drawMode":0,"name":"Shaded","section":"Shading Mode"},"sceneLighting":false,"audioPlay":false,"sceneViewState":{"m_AlwaysRefresh":true,"showFog":true,"showSkybox":false,"showFlares":true,"showImageEffects":true,"showParticleSystems":true,"showVisualEffectGraphs":true,"m_FxEnabled":true},"in2DMode":false,"pivot":{"x":-33.382171630859378,"y":0.15957927703857423,"z":-42.22664260864258},"rotation":{"x":-0.08858265727758408,"y":0.8945422172546387,"z":-0.20633363723754884,"w":-0.37602970004081728},"size":10.678375244140625,"orthographic":false}