{"cameraMode":{"drawMode":0,"name":"Shaded","section":"Shading Mode"},"sceneLighting":true,"audioPlay":false,"sceneViewState":{"m_AlwaysRefresh":true,"showFog":true,"showSkybox":true,"showFlares":true,"showImageEffects":true,"showParticleSystems":true,"showVisualEffectGraphs":true,"m_FxEnabled":true},"in2DMode":false,"pivot":{"x":-15.228604316711426,"y":10.49652099609375,"z":5.280603408813477},"rotation":{"x":0.05136309564113617,"y":0.9484500288963318,"z":-0.22983281314373017,"w":0.21182985603809358},"size":9.492101669311524,"orthographic":false}